ltable.name,ltable.streetAddress,rtable.name,rtable.streetAddress
bogota latin bistro,141 5th Ave,asian bistro,70 7th Ave
monsignors restaurant,679 5th Ave,morning star restaurant,879 9th Ave
bo ky restaurant,80 Bayard St,69 bayard restaurant corp,69 Bayard St
ipanema restaurant,43 W 46th St,demarchelier restaurant,50 E 86th St
eleven madison park,11 Madison Ave,eleven madison park,11 Madison Ave
pepolino restaurant,281 W Broadway,quoc & huong restaurant,1 E Broadway
lasso pizza,192 Mott St,cultura pizza,151 Mott St
the nomad restaurant,1170 Broadway,el presidente restaurant,3938 Broadway
juniors restaurant,1515 Broadway,josephina restaurant,1900 Broadway
rabbithole restaurant,352 Bedford Ave,okura japanese restaurant inc,519 3rd Ave
hillstone restaurant,153 E 53rd St,chelsea square restaurant,368 W 23rd St
cabana restaurant,1022 3rd Ave,jaiya thai restaurant,396 3rd Ave Frnt 1
sweet chick,178 Ludlow St,sweet chick,178 Ludlow St
han bat sul lung tang,4163 W 5th St,han bat shul lung tang,4163 W 5th St
guelaguetza restaurante,3014 W Olympic Blvd,seoul garden restaurant,1833 W Olympic Blvd
franco on melrose,6919 Melrose Ave,the foundry on melrose,7465 Melrose Ave
andres italian restaurant,6332 W 3rd St,eva's lechon & restaurant,4252 W 3rd St
suehiro cafe,337 E 1st St,suehiro cafe inc,337 E 1st St
golden mongolian restaurant,3012 Wilshire Blvd,el buen gusto restaurant family,"3140 Glendale Blvd, Los Angeles, CA 90039"
golden mongolian restaurant,3012 Wilshire Blvd,kuishimbo restaurant,4001 Wilshire Blvd
wilde wine bar & restaurant,320 South La Brea,little kitchen restaurant,1292 S La Brea Ave
the park,1400 Sunset Blvd,the pikey,7617 W Sunset Blvd
hello italian fusion restaurant,607 S Western Ave Ste 201,clemen's restaurant,3551 S Western Ave
zermeos restaurant,6115 Santa Monica Blvd,sunshine restaurant,5706 Santa Monica Blvd
vintage enoteca,7554 W Sunset Blvd,vintage enoteca,7554 W Sunset Blvd
hae jang chon korean bbq restaurant,3821 W 6th St,shin jung restaurant,3450 W 6th St Ste 101
hae jang chon korean bbq restaurant,3821 W 6th St,sabdari gom tang restaurant,3470 W 6th St
da jeong korean cuisine,3909 1/2 W Olympic Blvd,korean bbq,2897 W Olympic Blvd # 105
e-moon oak restaurant,869 S Western Ave Ste 5,sigol restaurant,478 N Western Ave
e-moon oak restaurant,869 S Western Ave Ste 5,joan & sisters restaurant,3709 S Western Ave
panns restaurant,6710 La Tijera Blvd,sompun thai restaurant,4156 Santa Monica Blvd
shin-sen-gumi hakata ramen - west l.a.,1601 Sawtelle Blvd,hakata ramen shin-sen-gumi,1601 Sawtelle Blvd # 101
bossa nova on sunset,7181 W Sunset Blvd,siam sunset,5265 W Sunset Blvd
palms thai restaurant,5900 Hollywood Blvd Ste B,palm thai restaurant,5900 Hollywood Blvd
hae ha heng thai bistro,301 S Western Ave Ste 209,hae ha heng,301 S Western Ave Ste 209
pita bar & grill,519 N Fairfax Ave,pita bar and grill,519 N Fairfax Ave
pacific dining car,1310 W 6th St,pacific dining car,1310 W 6th St
palm grove ethiopian restaurant,1905 S Western Ave,pipers restaurant,222 N Western Ave
sushi gen,422 E 2nd St,hama sushi,347 E 2nd St
bulrocho korean restaurant,955 S Vermont St,texis restaurant,698 S Vermont Ave # 106
m grill,3832 Wilshire Blvd Ste 202,panini grill & deli,5354 Wilshire Blvd
m grill,3832 Wilshire Blvd Ste 202,india's grill,428 S San Vicente Blvd
franks restaurant,363 S Fairfax Ave,chameau restaurant,339 N Fairfax Ave
la abeja restaurant,3700 N Figueroa St,la estrella restaurant,6103 N Figueroa St
la abeja restaurant,3700 N Figueroa St,ok chinese restaurant,6320 N Figueroa St
patio burgers & beer,4541 Eagle Rock Blvd,fusion burger,5933 York Blvd
jeon ju restaurant,2716 W Olympic Blvd Ste 101,playa las tunas restaurant,1107 S Alvarado St Ste 112
jeon ju restaurant,2716 W Olympic Blvd Ste 101,hop li seafood restaurant,11901 Santa Monica Blvd Ste 102
seoul garden restaurant,1833 W Olympic Blvd,pho two thousand restaurant,2897 W Olympic Blvd
la caridad restaurant,2619 W Sunset Blvd,el cochinito restaurant,3508 W Sunset Blvd
keungama korean restaurant,3498 W 8th St,dong il jang restaurant,3455 W 8th St
curry house,123 S Onizuka St Ste 204,curry house,"123 S. Onizuka St.,  # 204"
western doma noodles,429 N Western Ave Ste 10,western doma noodles apt 10,429 N Western Ave
carnitas michoacan,1901 N Broadway,carnitas michoacan,1901 N Broadway
hana ichimonme restaurant,333 S Alameda St Ste 303,pho hoa vietnamese restaurant,818 N Spring St Ste 103
marouch restaurant,4905 Santa Monica Blvd.,harper's restaurant,10250 Santa Monica Blvd Ste 192
yakuza sushi,1700 Silver Lake Blvd,sushi eyaki,5040 Wilshire Blvd
market place restaurant,1102 Lawrence St,pupuseria restaurant mi pueblo,1341 E Florence Ave
market place restaurant,1102 Lawrence St,family restaurant,2063 W Florence Ave
market place restaurant,1102 Lawrence St,market place restaurant,1102 Lawrence St
sadie kitchen and lounge,1638 N Las Palmas Ave,sadie,1638 N Las Palmas Ave
il capriccio on vermont,1757 N Vermont Ave,thai bbq vermont,851 S Vermont Ave
beverly soon tofu restaurant,2717 W Olympic Blvd Ste 108,sabina's european restaurant,1253 Vine St Ste 12
the roof on wilshire,6317 Wilshire Blvd,11831 wilshire restaurant,11831 Wilshire Blvd
roccos italian kitchen,6335 Wilshire Blvd,yuko kitchen,5484 Wilshire Blvd
surawon,2833 W Olympic Blvd,surawon,2833 W Olympic Blvd
plan check kitchen + bar,1800 Sawtelle Blvd,plan check (wilshire),1111 Wilshire Blvd
soowon galbi kbbq restaurant,856 S Vermont Ave Ste C,d & d restaurants,8330 S Vermont Ave
shintaro japanese restaurant,1900 N Highland Ave Ste 5,lemon tree kids restaurant,"621 S. Western Avenue, Suite 111"
the chicago diner,3411 N Halsted St,s & e diner,11117 S Halsted St
hala in restaurant,4624 W Lawrence Ave,great sea chinese restaurant,3254 W Lawrence Ave Ste 201
machu picchu restaurant,3856 N Ashland Ave,mama n'ems restaurant,5428 S Ashland Ave
machu picchu restaurant,3856 N Ashland Ave,young's restaurant,3949 N Ashland Ave
pita cafe,2014 W Division,janik's cafe,2011 W Division St
grill & garden restaurant,5318 N Broadway St,furama restaurant,4936 N Broadway St
phos spicier thai cuisine,3332 N Lincoln Ave,jim thai cuisine,2819 N Lincoln Ave
briannas restaurant,4911 N Western Ave,katachi japanese restaurant,3911 N Sheridan Rd
cozy corner restaurant & pancake house,2294 N Milwaukee Ave,roma restaurant,6161 N Milwaukee Ave
elizabeth restaurant,4835 N Western Ave Unit D,thai room restaurant,4022 N Western Ave
elizabeth restaurant,4835 N Western Ave Unit D,perkins restaurant & bakery,3111 S Western Ave
mak restaurant,1924 W Division St,super pollo restaurant,4614 W Diversey Ave
cozy noodles & rice,3456 N Sheffield Ave,siam noodle & rice restaurant,4654 N Sheridan Rd
cro bar and restaurant,2506 N Clybourn Ave,arturos mexican restaurant,7151 S Western Ave
greek islands restaurant,200 S Halsted St,nookies tree restaurant,3334 N Halsted St
bopngrill belmont,921 W Belmont Ave,the belmont cafe,930 W Belmont Ave
osaka sushi express & fresh fruit smoothies,400 S Michigan Ave,osaka express inc,400 S Michigan Ave
emperors choice restaurant,2238 S Wentworth Ave,won kow restaurant,2237 S Wentworth Ave
emperors choice restaurant,2238 S Wentworth Ave,emperor's choice,2238 S Wentworth Ave
tom yum cafe,608 W Barry Ave,tom yum restaurant,608 W Barry Ave
great sea chinese restaurant,3254 W Lawrence Ave,red zin restaurant,4712 S Saint Lawrence Ave
giordanos,223 W Jackson Blvd,giordano's,223 W Jackson Blvd
la villa restaurant & banquets,3632 N Pulaski Rd,manee thai restaurant,3558 N Pulaski Rd
naf naf grill,326 N Michigan Ave,la cantina grill,1911 S Michigan Ave
frontera grill,445 N Clark St,sam's grill,416 N Clark St
carnitas uruapan restaurant,1725 W 18th St,magic restauraunt,3335 W 111th St
la griglia restaurant,2002 West Gray,njoy restaurant,212 Westheimer Rd
osaka japanese restaurant ii,4001 Bellaire Blvd Ste J,east wall chinese restaurant,9889 Bellaire Blvd Ste 301
kona grill,Houston Galleria 5061 Westheimer Rd,the capital grille,840 W Sam Houston Pkwy N
up restaurant,3995 Westheimer Rd Fl 3rd,abesha bar and restaurant,9100 Westheimer Rd Ste 637
tan tan restaurant,8066 Westheimer Rd,chuan's chinese restaurant,5901 Westheimer Rd
kim tai restaurant,2602 Fannin St,kim tai restaurant,2602 Fannin St
luna y sol mexican grill,2808 Milam St Ste G,los cucos mexican cafe,5535 Memorial Dr Ste G
chavez mexican cafe,2557 Gessner Rd,juarez mexican restaurant,2545 Gessner Rd
lucky palace korean restaurant,8508 Bellaire Blvd,kim chau restaurant,11210 Bellaire Blvd
pappasitos cantina,2515 South Loop W,pappasito's cantina,2515 S Loop W
one dragon restaurant,9310 Bellaire Blvd,arirang restaurant,9715 Bellaire Blvd
chuans chinese restaurant,5901 Westheimer Rd Unit N,my amigos restaurant y cantina,12599 Westheimer Rd
chuans chinese restaurant,5901 Westheimer Rd Unit N,pappas restaurants,9797 Westheimer Rd
hokkaido japanese restaurant,9108 Bellaire Blvd Ste B,amaya restaurant,12468 Bellaire Blvd
hokkaido japanese restaurant,9108 Bellaire Blvd Ste B,one dragon restaurant,9310 Bellaire Blvd
hokkaido japanese restaurant,9108 Bellaire Blvd Ste B,kuu restaurant,947 Gessner Rd Ste A180
hokkaido japanese restaurant,9108 Bellaire Blvd Ste B,thai choice restaurant,11161 Westheimer Rd Ste B
mason jar restaurant,9005 Katy Fwy,olive garden italian restaurant,9750 Katy Fwy
nippon japanese restaurant,4464 Montrose Blvd,shanghai restaurant,9888 Bellaire Blvd
nippon japanese restaurant,4464 Montrose Blvd,shanghai chinese restaurant,9116 Bellaire Blvd
laurenzos restaurant,4412 Washington Ave,benlis restaurant,5922 Washington Ave
the oaks restaurant,1600 Holcombe Blvd,viet huong restaurant,11209 Bellaire Blvd
himalaya restaurant & catering,6652 Southwest Fwy,texas seafood restaurant,10155 East Fwy
azuma sushi & robata bar,909 Texas St,azuma downtown,909 Texas St
treebeards - the tunnel,1100 Louisiana St,treebeards restaurant,801 Louisiana St # 100
el rey taqueria,910 Shepherd Dr,taqueria el tapatio,4550 N.Shepherd
osaka japanese restaurant,5709 Woodway Dr Ste B,osaka japanese restaurant,5709 Woodway Dr
osaka japanese restaurant,5709 Woodway Dr Ste B,doneraki restaurant,2903 Woodridge Dr Ste 300
houstons restaurant,5888 Westheimer Rd,palm restaurant,6100 Westheimer Rd
houstons restaurant,5888 Westheimer Rd,thai restaurant,5757 Westheimer Rd
ottos,600 Travis St,otto's,600 Travis St
andalucia tapas restaurant & bar,1201 San Jacinto St Ste 161,lucky palace buffet restaurant,16211 Clay Rd Ste 128
chachos mexican restaurant,6006 Westheimer Rd,shere punjav restaurant,12315 Westheimer Rd
house of pies restaurant & bakery,6142 Westheimer Rd,thai restaurant,5757 Westheimer Rd
sheger ethiopian restaurant,5506 Bellaire Blvd Unit C,puerto rican restaurant,15115 Bellaire Blvd # B
mi pueblito restaurant,9425 Richmond Ave,el pueblito place,1423 Richmond Ave
ulas mexican restaurant & cantina,5555 Washington Ave,don luis mexican restaurant,7606 Irvington Blvd
peking cuisine restaurant,8332 Southwest Fwy,pappas restaurants,12010 East Fwy
thai gourmet,6324 Richmond Ave,thai gourmet inc,6324 Richmond Ave
sushi wabi,3953 Richmond Ave,sushi wabi,3953 Richmond Ave
thai jasmine restaurant,10900 Kingspoint Rd Ste 12,il me jung korean restaurant,10017 Long Point Rd
ty seafood kitchen,11011 Northwest Fwy,seafood corner,12300 North Fwy
bombay pizza co.,914 Main St Ste 105,pizza inn,12121 Westheimer Rd Ste 122
noodles inc  pho restaurant,9820 Gulf  Fwy Ste A11,los reyes mexican restaurant,5050 Cypress Creek Pkwy Ste 136
stos bar & restaurant,236 Market St,sto's bar & restaurant,236 Market St
saads halal restaurant,4500 Walnut St,circa restaurant,1518 Walnut St Ste 903
mad greek restaurant and pizza,3517 Lancaster Ave,calabash restaurant and banquet,6208 Lancaster Ave
pattaya restaurant,4006 Chestnut St,starr restaurant organization lp,2013 Chestnut St
sams morning glory diner,735 S 10th St,morning glory,735 S 10th St
rangoon burmese restaurant,112 N 9th St,ralph's italian restaurant,760 S 9th St
thang long restaurant,2536 Kensington Ave,q q rotisserie and seafood restaurant,6320 Stenton Ave
ayas cafe,2129 Arch St,s&c cafe,900 Arch St
china house,2123 W Oregon Ave,china garden,8103 Stenton Ave
pho 75 restaurant,1122 Washington Ave,kma restaurant,3171 Kensington Ave
pho 75 restaurant,1122 Washington Ave,hai tien restaurant,1603 Washington Ave
pho 75 restaurant,1122 Washington Ave,golden restaurant,2136 Stenton Ave
warmdaddys,1400 Columbus Blvd,warmdaddy's,1400 S Columbus Blvd
the farm and fisherman,1120 Pine St,the farm and fisherman,1120 Pine St
tai lake restaurant,134 N 10th St,won oriental restaurant,216 S 40th St
sassafras bar,48 S 2nd St,sassafras,48 S 2nd St
alyans restaurant,603 S 4th St,rio corbe jamaican restaurant,524 S 4th St
my thai restaurant,2200 South St,latin flavor restaurant,627 South St
baby blues,3402 Sansom St,baby blues bbq,3402 Sansom St
circles contemporary asian,1514 Tasker St,circles contemporary asian,1516 Tasker St
kilimandjaro restaurant,4317 Chestnut St,hua lai chinese restaurant,5148 Walnut St
kilimandjaro restaurant,4317 Chestnut St,little pete's restaurant,1904 Chestnut St
el fuego,723 Walnut St,el fuego,723 Walnut St
freddy & tonys restaurant,201 W Allegheny Ave,freddy & tony's restaurant,201 W Allegheny Ave
freddy & tonys restaurant,201 W Allegheny Ave,eddie's chinese restaurant,113 E Allegheny Ave
sawatdee thai restaurant,534 S 15th St,maria's restaurant,4058 N 5th St
sawatdee thai restaurant,534 S 15th St,noly restaurant,2959 N 5th St
sawatdee thai restaurant,534 S 15th St,shiroi hana restaurant,222 S 15th St
red kings 2 restaurant,1006 Race St,singapore chinese vegetarian restaurant,1006 Race St
spring garden restaurant,400 Spring Garden St,sazon restaurant & cafe,941 Spring Garden St
salvadoreo restaurant,8911 N Central Ave Ste 101,wingstop restaurant,1610 N 75th Ave Ste 110
salvadoreo restaurant,8911 N Central Ave Ste 101,pho 602 vietnamese restaurant,6135 N 35th Ave Ste 121
islands restaurant,21001 N Tatum Blvd Ste 36-1160,kampai japanese restaurant,2945 E Bell Rd Ste 102
canyon cafe,455 N 3rd St Ste 114,cayon cafe,455 N 3rd St # 114
juans authentic mexican food,1516 E Thomas Rd,la paloma mexican food,519 W Thomas Rd
paradise bakery & cafe,"Phoenix Sky Harbor Int'l Airport, Terminal 3 3400 E Sky Harbor Blvd",paradise bakery & cafe,3400 E Sky Harbor Blvd
maxim restaurant,3424 N 19th Ave,wingstop restaurant,1515 N 7th Ave Ste 152
lunch time cafe,3330 N 35th Ave,lunch time cafe,3330 N 35th Ave Ste 1
la oaxaquena mexican restaurant,10430 N 19th Ave Ste 7,mi patio mexican restaurant,3347 N 7th Ave
el ranchero mexican restaurant,1900 E McDowell Rd,tomyum & thai restaurant,3510 E Bell Rd
guanaquito restaurant,1436 E McDowell Rd,restaurant sinaloa,2601 E Bell Rd
the haymaker restaurant,4717 E Bell Rd,ethiopian famous restaurant & cafe,4111 E McDowell Rd
az kabob house,7000 E Mayo Blvd Ste 1060,zatoon kabob bistro,4804 E Chandler Blvd Ste 108
carolinas mexican food,1122 E Buckeye Rd Ste A5,santana's mexican food,1930 W Buckeye Rd
federal pizza,5210 N Central Ave,gino's pizza,6420 S Central Ave
forge pizza,2502 E Camelback Rd Ste 148,cici's pizza,3911 E Thomas Rd Ste G4
forge pizza,2502 E Camelback Rd Ste 148,nypd pizza,1949 E Camelback Rd Ste 144
los compadres mexican food,4414 N 7th Ave,alfonso's mexican food,18631 N 19th Ave
thai lotus restaurant,7023 N 19th Ave,75th thai taste restuarant,1820 N 75th Ave
hillstone restaurant,2650 E Camelback Rd,kwan & wok chinese restaurant,1702 W Camelback Rd Ste 1
barros pizza,2510 W Thunderbird Rd Ste 6,domino's pizza,3329 E Bell Rd Ste 20
chicago gyros,717 W Union Hills Dr Ste 1,j t gyros,3434 W Greenway Rd Ste 101
texas bbq house,5037 S 24th St,texas bbq house,5037 S 24th St # 3
welcome diner,924 E Roosevelt St,welcome diner,924 E Roosevelt St
burger mania,2302 W Bell Rd,whataburger,2901 E Bell Rd
al fuego mexican restaurant,2948 E Bell Rd Ste 102,shangri-la chinese restaurant,2855 W Cactus Rd Ste 2
al fuego mexican restaurant,2948 E Bell Rd Ste 102,wingstop restaurant,5215 W Indian School Rd Ste 103
al fuego mexican restaurant,2948 E Bell Rd Ste 102,prime chinese restaurant,24 W Camelback Rd Ste H
luckys burgers & hotdog grill,7000 E Mayo Blvd Ste 1066,lucky's burgers & hotdog grill,7000 E Mayo Blvd
maizies cafe & bistro,4750 N Central Ave,maizie's cafe & bistro,4750 N Central Ave Ste 140
nypd pizza,1949 E Camelback Rd Ste 144,cici's pizza,3911 E Thomas Rd Ste G4
mister wong,10627 N 19th Ave,canton wong,6023 N 19th Ave
azteca bakeries & restaurant,416 N 7th Ave,kaova restaurante,5234 N 27th Ave
quiessence restaurant,6106 S 32nd St,compass restaurant-hyatt,122 N 2nd St
rolandos mexican food,10639 N 35th Ave,rivas mexican food,4012 N 75th Ave
coup des tartes,1725 East Osborn,coup des tartes,1725 E Osborn Rd
isas pizza,4001 E Bell Rd Ste 112,domino's pizza,7710 W Lower Buckeye Rd Ste 110
isas pizza,4001 E Bell Rd Ste 112,rosatis pizza,9971 W Camelback Rd Ste 103
the grind,3961 E Camelback Rd,the grind,3961 E Camelback Rd
pita jungle,2530 W Happy Valley Rd Ste 1261,pita bistro,101 N 1st Ave Ste 101
las cazuelas mexican food restaurant,5150 W McDowell Rd,los alamos mexican food,2948 E Bell Rd
las cazuelas mexican food restaurant,5150 W McDowell Rd,filiberto's mexican food,1601 E McDowell Rd
mariscos chihuahua,1834 W Indian School Rd,senaduria mariscos altata,5005 W Indian School Rd
san carlos bay seafood restaurant,1901 E McDowell Rd,manuel's mexican restaurant,1111 W Bell Rd
pinos pizza al centro,139 W Thomas Rd,domino's pizza,5532 E Thomas Rd
pinos pizza al centro,139 W Thomas Rd,domino's pizza,4284 W Thomas Rd
tonys italian delicatessen,536 E Dunlap Ave,tony's italian delicatessen,536 E Dunlap Ave
the great dane restaurant,6219 N 7th St,fox restaurant,5640 N 7th St
gojo ethiopian restaurant,3015 E Thomas Rd Ste 101,my big fat greek restaurant,2303 N 44th St Ste 12
st. francis restaurant,111 E Camelback Rd,peter wong restaurant,1534 W Camelback Rd
zinburger,2502 East Camelback Road Ste 127,hamburger haven,507 W Thomas Rd Ste FRNT
the corner cityscape,50 W Jefferson St,chloe's corner,50 W Jefferson St # 100
sabas mediterranean kitchen,4747 E Bell Rd,saba's mediterranean cuisine,4747 E Bell Rd Ste 5
north italia,North Arcadia 4925 N 40th St,north arcadia,4925 N 40th St
chanpen thai cuisine,2727 E Broadway Rd,chanpen thai cuisine,2727 E Broadway Rd
new garden restaurant,823 S Central Ave,new garden restaurant,823 S Central Ave
thai basil signature,114 W Adams St Ste 104,thai basil,4221 E Chandler Blvd Ste 106
hong kong kitchen 3,510 E Baseline Rd D3,hong kong kitchen,510 E Baseline Rd
sushi style,401 E Bell Rd,sushi nola,5930 W McDowell Rd
pacifica ceviche,6544 W Thomas Rd,pacifica ceviche,6544 W Thomas Rd
don jose mexican food,3734 E Thomas Rd,fillbertos mexican food,3923 E Thomas Rd Ste B5
scotts generations restaurant & delicatessen,5539 N 7th St Ste 108,macalpine's restaurant & soda,2303 N 7th St
pollo correteado restaurant el,2904 W McDowell Rd,manuel's mexican restaurant,1111 W Bell Rd
escobar mexican kitchen,1219 E Glendale Ave Ste 14,chipotle mexican grill,425 E Bell Rd Suite 140
waamo restaurant,5050 E McDowell Rd,kampai japanese restaurant,2945 E Bell Rd Ste 102
chachos mexican restaurant,7870 Callaghan Rd,sandia mexican restaurant & fruit,100 Callaghan Rd
chicagos pizza,5525 Blanco Rd Ste 115,ray's pizzaria,7214 Blanco Road
kim wah chinese bbq,7080 Bandera Rd,peng's chinese restaurant,7015 Bandera Rd
mama margies mexican restaurant,7335 S Zarzamora St,wingstop restaurant,6998 S Zarzamora St
urban bricks pizza,17603 La Cantera Pkwy Ste 119,urban bricks pizza,17603 La Cantera Pkwy
los ajos mexican grill,7616 Culebra Rd Ste 109,san antonio mexican candies,3654 Culebra Rd
viet nam restaurant,3244 Broadway St,vans chinese seafood restaurant,3214 Broadway St
ali baba restaurant,7271 Wurzbach Rd Ste 102,veracruz restaurant,7530 Bandera Rd Ste 135
ali baba restaurant,7271 Wurzbach Rd Ste 102,bean sprout chinese restaurant,25 NE Loop 410 Ste 119
biga on the banks,203 S Saint Marys St Ste 100,windows on the river,217 N Park Blvd Mary's
baghdad restaurant & bakery,5713 Evers Rd,maharaja indian restaurant,5718 Evers Rd
opah greek flavor,7400 San Pedro Ave,opah greek flavor,7400 San Pedro Ave
abuelas mexican restaurant,2313 NW Military Hwy,sim restaurant,5036 W Military Dr
smoke the restaurant,700 E Sonterra Blvd Ste 1117,pearl inn chinese restaurant,11815 W Interstate 10 Ste 100
green vegetarian cuisine at pearl brewery,200 E Grayson St Ste 120,green vegetarian cuisine,200 E Grayson St
410 diner,8315 Broadway,410 diner,8315 Broadway St
tommys restaurant,8823 Wurzbach Rd,jim's restaurant,8311 Marbach Rd
stouts pizza,1742 N Loop 1604 E Ste 123,villa pizza,7702 Floyd Curl Dr Ste 130
taqueria chapala jalisco,1819 Mccullough Ave,taqueria chapala jalisco,1902 McCullough Ave
marcos pizza,5440 Babcock Rd Ste 148,miss ellie's pizza,903 E Bitters Rd Ste 301
naara cafe,9329 Wurzbach Rd Ste 101,dresden cafe,3023 Thousand Oaks Dr Ste 106
chipotle mexican grill,438 NW Loop 410 Ste 101,michin fresh mexican kitchen,427 W Loop 1604 N # 202
vida mia mexican cuisine,19141 Stone Oak Pkwy Suite 803,aldacos mexican cuisine,20079 Stone Oak Pkwy
tealicious cafe,9234 N 1604 W,delicious garden,2815 N Loop 1604 E
cadillac bar restaurant,212 S Flores St,tommy's restaurant,107 S Flores St
teppanyaki grill & buffet,6719 NW Loop 410,chili's grill & bar,5790 W Loop 1604 N
poppys pizza,7115 Blanco Rd Ste 107,papa john's pizza,9902 Potranco Rd Suite 116
gin chinese restaurant,5337 Glen Ridge Dr Ste 103,ez's restaurants,503 E Ramsey Rd Ste 101
willies grill & icehouse,15801 San Pedro Ave,chili's grill & bar,17750 San Pedro Ave
apetitos mexican restaurant,1615 Meadow Way,apetito's mexican restaurant,1615 Meadow Way Dr
mama margies mexican restaurant,9950 Interstate 10 Frontage Rd,el rodeo de jalisco mexican restaurants,5510 Interstate 10 E
wingit,5020 Old Seguin Rd,wingit,5020 Seguin Rd
vegeria vegan restaurant,8407 Broadway Ste 1,tin star restaurant,7863 Callaghan Rd Ste 101
thai topaz,9386 Huebner Rd Ste 101,thai topaz,9386 Huebner Rd Ste 101
hillcrest sandwich co.,3780 5th Ave Ste 1,hillcrest sandwich co,3780 5th Ave Ste 1
minh ky chinese restaurant,4644 El Cajon Blvd Ste 101,hoai hue restaurant,4660 El Cajon Blvd Ste 102
boudin bakery & caf,7007 Friars Rd Ste 357,boudin bakery,7007 Friars Rd Ste 357
old town mexican cafe,2489 San Diego Ave,sombrero mexican food,8590 Rio San Diego Dr
red sea restaurant,4717 University Ave,peking restaurant,2877 University Ave
mignon pho + grill,3860 Convoy St Ste 116,mignon pho + grill,3860 Convoy St
saiko sushi,2884 University Ave,lava sushi,1045 University Ave
lu pizzetta,4508 Cass St Ste B,lu pizzetta,4508 Cass St Ste B
the mission cafe,3795 Mission Blvd,mission trails,7385 Mission Gorge Rd
rose donuts,5201 Linda Vista Rd Ste 100,yum-yum donuts,6925 Linda Vista Rd Ste B
wood ranch bbq & grill,7510 Hazard Center Dr Ste 215,wood ranch barbecue and grill,7510 Hazard Center Dr
the kebab shop,303 W Beech St Ste C-2,the kebab shop,303 W Beech St
abraj mediterranean restaurant,6475 El Cajon Blvd,maxim's seafood restaurant,4616 El Cajon Blvd
abraj mediterranean restaurant,6475 El Cajon Blvd,awash ethiopian restaurant,4979 El Cajon Blvd
florent restaurant & lounge,672 5th Ave,cafe sevilla restaurant,353 5th Ave
hoai hue restaurant,4660 El Cajon Blvd Ste 102,awash ethiopian restaurant market,2884 El Cajon Blvd
bo-beau kitchen + bar,4996 W Point Loma Blvd,domo kitchen,9353 Clairemont Mesa Blvd
mamas grill,7420 Clairemont Mesa Blvd Ste 104,chili's grill & bar,4060 Clairemont Mesa Blvd
kensington cafe,4141 Adams Ave,kensington cafe,4141 Adams Ave
pizza e birra,3625 India St,pizza artigiana,1702 India St
seaport village,831 W Harbor Dr,asaggio pizza pasta plus seaport village,879 W Harbor Dr
myung in dumplings,4344 Convoy St,dumpling inn,4619 Convoy St Ste F
casa guadalajara,4105 Taylor St,casa guadalajara,4105 Taylor St
rei do gado brazilian steak house,939 4th Ave,greystone the steak house,658 5th Ave
maritzas mexican food restaurant,3582 Mount Acadia Blvd Ste D,boll weevil restaurants,9330 Clairemont Mesa Blvd Ste E
maritzas mexican food restaurant,3582 Mount Acadia Blvd Ste D,armandos mexican food,10066 Pacific Heights Blvd # 115
gordon biersch brewery restaurant,5010 Mission Ctr Rd,wolf restaurant group,4150 Mission Blvd Ste 212
deli sushi & desserts,8680 Miralani Dr Ste 122,ob sushi sushi,4967 Newport Ave Ste 17
aladdin cafe,5420 Clairemont Mesa Blvd Ste 101,teri cafe,7305 Clairemont Mesa Blvd
doghouse bar & grill,3515 5th Ave,fusion bar & grill,1152 7th Ave
island style cafe,5950 Santo Rd Ste K,island style cafe,5950 Santo Rd
85c bakery cafe,5575 Balboa Ave Ste 330,boudin bakery,7007 Friars Rd Ste 357
oscars mexican seafood,646 University Ave,ortega's mexican bistro,141 University Ave
niban japanese restaurant,7081 Clairemont Mesa Blvd Ste 101,thaigo restaurant,11720 Carmel Mountain Rd Ste 158
niban japanese restaurant,7081 Clairemont Mesa Blvd Ste 101,sala thai restaurant,6161 El Cajon Blvd Ste A
humbertos taco shop,1015 25th St Ste C,humberto's taco shop,1015 25th St
the grape restaurant,2808 Greenville Ave,thai thai restaurant,1731 Greenville Ave
casa dolores tex-mex restaurant,4906 Maple Ave,avilas restaurant,4714 Maple Ave
casa dolores tex-mex restaurant,4906 Maple Ave,roma's pizza & restaurant,7402 Greenville Ave
pera mediterranean grill,2633 McKinney Ave Ste 170,cedars mediterranean grill,8141 Walnut Hill Ln Ste 1200
mias tex-mex restaurant,4322 Lemmon Ave,gloria's restaurant,3223 Lemmon Ave Ste 100
bolsa mercado,634 W Davis St,bolsa,614 W Davis St
avilas mexican restaurant,4714 Maple Ave,thai thai restaurant,1731 Greenville Ave
zizikis restaurants,11661 Preston Rd Ste 309,riyen chinese restaurant,11404 Shiloh Rd Ste 125
zizikis restaurants,11661 Preston Rd Ste 309,jeannie's chinese restaurant,5441 Alpha Rd Ste 102
sevys grill,8201 Preston Rd Ste 100,kona grill,8687 N Central Expy Ste 1722
snap kitchen,2222 Mckinney Ave Ste 110,lyfe kitchen,3699 McKinney Ave A-221
atomic pie,9660 Audelia Rd Ste 117,atomic pie,9660 Audelia Rd #117
salum restaurant,4152 Cole Ave Ste 103,wingstop restaurant,3400 Lombardy Ln Ste 107
grimaldis pizzeria,8060 Park Ln Ste 105,carmine's pizzeria,5365 Spring Valley Rd Ste 138
kona grill,Northpark center 8687 N Central Exwy,kona grill,8687 N Central Expy Ste 1722
dal dong ne,11445 Emerald St Ste 109,dal dong nae korean restaurant,11445 Emerald St
momo italian kitchen,8989 Forest Ln Ste 130,momo's italian specialties,9191 Forest Ln # A2
mangiamo italian restaurant,12835 Preston Rd Ste 220,la libela restaurant,9191 Forest Ln Ste 2
taqueria latina,6412 Skillman,takueria latina,6412 Skillman St
parigi restaurant,3311 Oak Lawn Ave Ste 102,dish restaurant preston hollow,8611 Hillcrest Ave Suite 100
parigi restaurant,3311 Oak Lawn Ave Ste 102,snuffer's restaurant & bar,8411 Preston Rd Ste 112
parigi restaurant,3311 Oak Lawn Ave Ste 102,mirabelle restaurant,17610 Midway Rd Ste 140
parigi restaurant,3311 Oak Lawn Ave Ste 102,pappas restaurants,3520 Oak Lawn Ave
lazy dog restaurant & bar,5100 Beltline Rd Ste 500,phillips brothers restaurant,12900 Preston Rd Ste 1111
seafood shack,3701 W NW Hwy Ste 195,marisco's seafood shack,3701 W Northwest Hwy
ba le restaurant,11404 Shiloh Rd Ste 101,steel restaurant,3102 Oak Lawn Ave Ste 100
glorias restaurant,5100 Belt Line Rd Ste 864,kong china restaurant,1150 W Kiest Blvd Ste 325
jjs cafe,10233 E NW Hwy Ste 434,rose cafe,8035 E R L Thornton Fwy Ste 612
sahara restaurant,5441 Alpha Rd Ste 110,restaurant touch up in,10850 Switzer Ave Ste 110
mexicali restaurant,11277 E NW Hwy Ste 148,salum restaurant,4152 Cole Ave Ste 103
oak cliff social club,238 W Davis St,oak cliff pizza & pasta,1315 W Davis St
burger street,5657 E Mockingbird Ln,smashburger,"5319 E Mockingbird Ln , Ste 120"
gonzalez restaurant,367 W Jefferson Blvd,carmen's restaurant,4717 Singleton Blvd
snuffers restaurant & bar,8411 Preston Rd Ste 112,asorock restaurant & lounge,10720 Miller Rd Ste 204
snuffers restaurant & bar,8411 Preston Rd Ste 112,royal china restaurant,201 Preston Royal Shopping Ctr
royal wok chinese restaurant,2560 Royal Ln Ste 100,purple cow restaurant,634 Preston Royal Shopping Ctr
royal wok chinese restaurant,2560 Royal Ln Ste 100,phillips brothers restaurant,12900 Preston Rd Ste 1111
royal wok chinese restaurant,2560 Royal Ln Ste 100,chosun kalbi restaurant,2560 Royal Ln
royal wok chinese restaurant,2560 Royal Ln Ste 100,wingstop restaurant,3400 Lombardy Ln Ste 107
mais vietnamese restaurant,4812 Bryan St Ste 100,two rows restaurant & brewery,5500 Greenville Ave Ste 1300
zenna,300 N Akard St,zenna,300 N ACRED STREET SUIT 100
mr sushi japanese restaurant,4860 Belt Line Rd,may dragon chinese restaurant,4848 Belt Line Rd
mr sushi japanese restaurant,4860 Belt Line Rd,chow thai restaurant,5290 Belt Line Rd
sushi zushi,3636 McKinney Ave Ste 150,sushi zushi,3636 McKinney Ave
bennys bagels lakewood,1901 Skillman St,benny's bagels,1901 Skillman St
sol irlandes,1525 Main St,sol irlandes restaurant,1525 Main St
gonzales mexican food restaurant,8121 Bruton Rd,shang hai restaurant,12817 Preston Rd Ste 132
texas land & cattle,3130 Lemmon Ave.,texas land & cattle,3130 Lemmon Ave
emilios cafe,2006 S. Ervay,new tops cafe,418 S Ervay St
palomino restaurant & bar,The Crescent Atrium 500 Crescent Ct Ste 165,ams restaurants,5626 Preston Oaks Rd Ste 15
henderson tap house,2323 N Henderson Ave Ste 101-102,j blacks dallas henderson ave,2409 N Henderson Ave
jennys kitchen,5175 Moorpark Ave Ste 5,the charming kitchen,1053 Lincoln Ave Ste 100
thai elephant express,3005 Silver Creek Rd Ste 128,panda express,4898 San Felipe Rd Ste 140
araujos mexican grill / el paisa taqueria,3070 Senter Rd,araujos taqueria,3070 Senter Rd
elements restaurant,6944 Almaden Expy,miro's restaurant & bar,282 Almaden Blvd
seven seas sushi japanese restaurant,130 E Santa Clara St,oros thai restaurant,6177 Santa Teresa Blvd
quan hue restaurant,1818 Tully Rd Ste 150,anh hong restaurant,"1818 Tully, Suite 150, San Jose, CA95122"
quan hue restaurant,1818 Tully Rd Ste 150,sushi boat restaurant,1600 Saratoga Ave Ste 119
goveas restaurant,1996 Tully Rd,pho huong vietnamese restaurant,1954 Tully Rd
izakaya restaurant,1335 N 1st St,teske's germania restaurant,255 N 1st St
the pizza box,148 S Jackson Ave,pizza box,148 S Jackson Ave
la peita restaurant,601 S 1st St,la penita restaurant,601 S 1st St
plaza garibaldi restaurant,1170 E Santa Clara St,vung tau restaurant,535 E Santa Clara St
crab & cray cajun seafood & bar,1735 E Capitol Expy,crab & cray cajun seafood & bar,1735 E Capitol Expy
beach hut deli,2081 Camden Ave,beach hut deli,2081 Camden Ave
kims sandwiches,1816 Tully Rd,long phung sandwich & food,2145 Tully Rd
chick-fil-a,53 Headquarters Dr,chick-fil-a,53 Headquarters Dr
taqueria la taquiza,1447 Bird Ave,taqueria la paquiza,1409 Bird Ave
hue restaurant,3005 Silver Creek Rd Ste 190,harvest restaurant,5300 Stevens Creek Blvd
golden buddha chinese restaurant,2768 Aborn Rd,new sam kee restaurant,1942 Aborn Rd
angies pizza italian restaurant,1535 S Winchester Blvd,angie's pizza,1535 S Winchester Blvd
b n restaurant - sizzling plate,1615 Mckee Rd,la enramada restaurant,1635 McKee Rd
nha trang restaurant,1820 Tully Rd,govea's restaurant,1996 Tully Rd
tandoori oven,150 S 1st St Ste 107,tandoori bites,3730 N 1st St
evergreen coffee company,4075 Evergreen Village Sq Ste 150,coffee chai,90 Skyport Dr Ste 130
miyabitei japanese restaurant,675 Saratoga Ave,yas restaurant,1138 Saratoga Ave
mosaic restaurant,Four Points Sheraton 211 S 1st St,teske's germania restaurant,255 N 1st St
mosaic restaurant,Four Points Sheraton 211 S 1st St,la penita restaurant,601 S 1st St
red rose restaurant and catering,30 E Santa Clara St,flames restaurant,7170 Santa Teresa Blvd
red rose restaurant and catering,30 E Santa Clara St,seven seas sushi japanese restaurant,130 E. Santa Clara Street
the fish market,1007 Blossom Hill Rd,boston market,880 Blossom Hill Rd
pappageorggeo pizza,4658 Pearl Ave,pappageorggeo pizza,4658 Pearl Ave
straits restaurant - santana row,333 Santana Row Ste 1100,el mariachi restaurant,1246 E Santa Clara St
wingstop,725 Ridder Park Dr Ste 80,wingstop restaurant,725 Ridder Park Dr
puerto azul restaurant,1072 Lincoln Ave,taiwan restaurant-willow glen,1306 Lincoln Ave
soong soong restaurant,3680 Stevens Creek Blvd Ste C,thanh da restaurant,1111 Story Rd Ste 1015
sousas restaurant,1614 Alum Rock Ave,el grullense restaurant,1527 Alum Rock Ave
new tung kee noodle house,262 E Santa Clara St,da noodle,225 E Santa Clara St
la victoria taqueria,1415 N 4th St,taqueria corona,601 N 4th St
savoy bar and grill,855 N 13th St,gecko grill,855 N 13th St
taqueria el gallo jr,1520 Alum Rock Ave,mi ranchito taqueria ii,2928 Alum Rock Ave
dalian kitchen,150 S First St Ste 111,the charming kitchen,1053 Lincoln Ave Ste 100
dong que restaurant,2852 Alum Rock Ave,yummy restaurants,1688 Alum Rock Ave
ca mau restaurant,2847 S White Rd Ste 110,el centenario restaurant,2003 Story Rd. ste 100
shan restaurant,4140 N 1st St Ste 30,wingstop restaurant,121 Curtner Ave Ste 30
angkorian express,2200 Eastridge Loop Ste 1105,chinese gourmet express,2200 Eastridge Loop Ste 9203
